{
  "inputs_echo": {
    "fastener": {
      "d": 10.0,
      "p": 1.5,
      "Rp02": 640.0
    },
    "tightening": {
      "alpha_A": 1.6,
      "mu_thread": 0.12,
      "mu_bearing": 0.14,
      "utilization": 0.9,
      "thread_flank_angle_deg": 60.0,
      "prevailing_torque": 0.0
    },
    "loads": {
      "FA_max": 12000.0,
      "FQ_max": 3500.0,
      "seal_force_required": 0.0,
      "embed_loss": 1200.0,
      "thermal_force_loss": 800.0,
      "slip_friction_coefficient": 0.18,
      "friction_interfaces": 1.0
    },
    "stiffness": {
      "bolt_compliance": 2.2e-06,
      "clamped_compliance": 3.1e-06,
      "load_introduction_factor_n": 1.0
    },
    "bearing": {
      "bearing_d_inner": 11.0,
      "bearing_d_outer": 18.0,
      "p_G_allow": 700.0
    },
    "checks": {
      "yield_safety_operating": 1.1
    }
  },
  "derived_geometry_mm": {
    "As": 57.98947542534723,
    "d2": 9.02572,
    "d3": 8.159695
  },
  "stiffness_model": {
    "delta_s_mm_per_n": 2.2e-06,
    "delta_p_mm_per_n": 3.1e-06,
    "n": 1.0
  },
  "intermediate": {
    "phi": 0.5849056603773585,
    "phi_n": 0.5849056603773585,
    "F_slip_required_N": 19444.444444444445,
    "F_K_required_N": 19444.444444444445,
    "FMmin_N": 25625.576519916143,
    "FMmax_N": 41000.92243186583,
    "k_thread_mm": 0.8704330037896633,
    "k_bearing_mm": 1.0150000000000001,
    "lead_angle_deg": 3.0281510454063927,
    "friction_angle_deg": 7.888903050247826,
    "Dkm_mm": 14.5,
    "M_thread_Nmm_at_FMmax": 35688.55607051596
  },
  "torque": {
    "MA_min_Nm": 48.31530771178736,
    "MA_max_Nm": 77.30449233885979
  },
  "stresses_mpa": {
    "sigma_ax_assembly": 707.0407540528347,
    "tau_assembly": 334.56253810213366,
    "sigma_vm_assembly": 914.1678749527496,
    "sigma_allow_assembly": 576.0,
    "sigma_ax_work": 828.0776814098349,
    "sigma_allow_work": 581.8181818181818,
    "p_bearing": 257.16254094024913,
    "p_G_allow": 700.0,
    "A_bearing_mm2": 159.435827169682
  },
  "forces": {
    "F_bolt_work_max_N": 48019.790356394136,
    "F_K_residual_N": 19444.444444444445,
    "FA_perm_N": 6345.170988476703
  },
  "checks": {
    "assembly_von_mises_ok": false,
    "operating_axial_ok": false,
    "residual_clamp_ok": true,
    "additional_load_ok": false,
    "bearing_pressure_ok": true
  },
  "check_level": "basic",
  "calculation_mode": "design",
  "r3_note": "设计模式下 FM_min 由 FK_req 反推，R3 自动满足",
  "thermal": {
    "thermal_loss_effective_N": 0.0,
    "thermal_loss_ratio": 0.0,
    "thermal_loss_ratio_limit": 0.25,
    "thermal_auto_estimated": false,
    "thermal_auto_value_N": 0.0
  },
  "clamped_info": {
    "basic_solid": null,
    "part_count": null,
    "total_thickness_mm": null
  },
  "fatigue": {
    "sigma_a": 60.51846367850011,
    "sigma_m": 767.5592177313348,
    "sigma_a_allow": 11.52,
    "load_cycles": 2000000.0,
    "cycle_factor": 1.0,
    "goodman_factor": 0.1
  },
  "overall_pass": false,
  "warnings": [],
  "scope_note": "本工具覆盖 VDI 2230 核心链路（装配强度、服役强度、残余夹紧力），并提供温度与疲劳的工程化扩展校核。"
}